"","title","hit","url_Val"
"1","벨엔 2천키로 타고 슬슬 뽕빠지는 시기가 오네요 ㅋㅋㅋ","255.3 k","http://www.clien.nethttp://www.clien.net/service/board/cm_car/14740032?od=T31&po=0&category=&groupCd="
"2","사고 문의 드립니다.","269.1 k","http://www.clien.nethttp://www.clien.net/service/board/cm_car/14740020?od=T31&po=0&category=&groupCd="
"3","넷플릭스 f1 정말 재밌네요","351.8 k","http://www.clien.nethttp://www.clien.net/service/board/cm_car/14739986?od=T31&po=0&category=&groupCd="
"4","셀프폴리싱 결과물","82","http://www.clien.nethttp://www.clien.net/service/board/cm_car/14739975?od=T31&po=0&category=&groupCd="
"5","코스트코 아이나비 공기총정기","49","http://www.clien.nethttp://www.clien.net/service/board/cm_car/14739695?od=T31&po=0&category=&groupCd="
"6","차량 고민입니다 amg GT43+인디오더 vs. E63 amg","181","http://www.clien.nethttp://www.clien.net/service/board/cm_car/14739678?od=T31&po=0&category=&groupCd="
"7","올뉴투싼 7만 킬로","333","http://www.clien.nethttp://www.clien.net/service/board/cm_car/14739618?od=T31&po=0&category=&groupCd="
"8","볼보 XC60 두달간 시승기","1118","http://www.clien.nethttp://www.clien.net/service/board/cm_car/14739579?od=T31&po=0&category=&groupCd="
"9","남양주 식물원 까페! (Feat. K7 프리미어)","949","http://www.clien.nethttp://www.clien.net/service/board/cm_car/14739557?od=T31&po=0&category=&groupCd="
"10","아방이의 변신은 무죄.jpg","897","http://www.clien.nethttp://www.clien.net/service/board/cm_car/14739546?od=T31&po=0&category=&groupCd="
"11","을지로근처 시간떼울곳","1680","http://www.clien.nethttp://www.clien.net/service/board/cm_car/14739502?od=T31&po=0&category=&groupCd="
"12","diy하다 die하는줄..... feat. 풋등,엠비언트","1464","http://www.clien.nethttp://www.clien.net/service/board/cm_car/14739436?od=T31&po=0&category=&groupCd="
"13","아우디A6,그랜저 하브 보험료 비교","2700","http://www.clien.nethttp://www.clien.net/service/board/cm_car/14739366?od=T31&po=0&category=&groupCd="
"14","가솔린은 내리는데 개스는 올랐네요..","513","http://www.clien.nethttp://www.clien.net/service/board/cm_car/14739270?od=T31&po=0&category=&groupCd="
"15","이거 복원(칠?)하려면 어디가 좋을까요...","1191","http://www.clien.nethttp://www.clien.net/service/board/cm_car/14739230?od=T31&po=0&category=&groupCd="
"16","윈터 내렸습니다.","1729","http://www.clien.nethttp://www.clien.net/service/board/cm_car/14739205?od=T31&po=0&category=&groupCd="
"17","배티성지를 가보려고합니다","1484","http://www.clien.nethttp://www.clien.net/service/board/cm_car/14739179?od=T31&po=0&category=&groupCd="
"18","썸머로 교체완료","966","http://www.clien.nethttp://www.clien.net/service/board/cm_car/14739164?od=T31&po=0&category=&groupCd="
"19","18년차 베이지 시트, 1년차 웜 그레이 시트","850","http://www.clien.nethttp://www.clien.net/service/board/cm_car/14739142?od=T31&po=0&category=&groupCd="
"20","CLA 시승하고 왔네요","1606","http://www.clien.nethttp://www.clien.net/service/board/cm_car/14739086?od=T31&po=0&category=&groupCd="
"21","입당신고 겸 3시간 주행기","651","http://www.clien.nethttp://www.clien.net/service/board/cm_car/14739066?od=T31&po=0&category=&groupCd="
"22","기아 노조...텔루라이드 국내 생산 하자고","1511","http://www.clien.nethttp://www.clien.net/service/board/cm_car/14739063?od=T31&po=0&category=&groupCd="
"23","눈뽕 화물차 물먹이는방법 있을까요.","1712","http://www.clien.nethttp://www.clien.net/service/board/cm_car/14739051?od=T31&po=0&category=&groupCd="
"24","독일 3사 블박 질문드립니다","1728","http://www.clien.nethttp://www.clien.net/service/board/cm_car/14739032?od=T31&po=0&category=&groupCd="
"25","쉐보레 A/S가..정말 아닌가요?","3885","http://www.clien.nethttp://www.clien.net/service/board/cm_car/14739009?od=T31&po=0&category=&groupCd="
"26","신차구매 고민","907","http://www.clien.nethttp://www.clien.net/service/board/cm_car/14738993?od=T31&po=0&category=&groupCd="
"27","하체를 싹 갈았더니 타이어가....;;;","514","http://www.clien.nethttp://www.clien.net/service/board/cm_car/14738978?od=T31&po=0&category=&groupCd="
"28","난생 처음 물왁스란걸 발랐습니다","1531","http://www.clien.nethttp://www.clien.net/service/board/cm_car/14738893?od=T31&po=0&category=&groupCd="
"29","세상은 넓고 ㅁㅊ놈은 많네요","547","http://www.clien.nethttp://www.clien.net/service/board/cm_car/14738890?od=T31&po=0&category=&groupCd="
"30","폭스바겐 골프2세대~ 3세대.GIF","1578","http://www.clien.nethttp://www.clien.net/service/board/cm_car/14738862?od=T31&po=0&category=&groupCd="
"31","벨엔 2천키로 타고 슬슬 뽕빠지는 시기가 오네요 ㅋㅋㅋ","1107","http://www.clien.nethttp://www.clien.net/service/board/cm_car/14740032?od=T31&po=0&category=&groupCd="
"32","사고 문의 드립니다.","3167","http://www.clien.nethttp://www.clien.net/service/board/cm_car/14740020?od=T31&po=0&category=&groupCd="
"33","넷플릭스 f1 정말 재밌네요","1654","http://www.clien.nethttp://www.clien.net/service/board/cm_car/14739986?od=T31&po=0&category=&groupCd="
